{"autoTotem":false,"AutoFishing":false,"FishingGreatWhiteShark":false,"AutoOfferAll":false,"AutoHeavenRod":false,"AutoEnchant":false,"AutoEquipRod":false,"AutoSunkenRodToggle":false,"autoTotemEclipse":false,"MissSomeCatch":false,"totemAmount":1,"npcTeleport":"Merlins","AutoEnchantExalted":false,"TotemDelay":0,"WhiteScreen":false,"autoTotemUntilMega":false,"autoTotemUntilKraken":false,"FishingIsonade":false,"ChangeRod":false,"methodReel":"Instant","AutoCollectMeteor":false,"WebhookSendLocation":false,"locationFishing":"Moosewood","SelectedZone":{"Great Hammerhead Shark":false,"Isonade":false,"Orcas":false,"Lovestorm":false,"Depths Serpent":false,"Kraken":false,"Great White Shark":false,"Whale Shark":false,"Megalodon":false},"BlackScreen":false,"saveFishingPosition2":"return CFrame.new(285.155884, 133.615952, 215.898346, -0.0101540582, -1.05997316e-07, 0.999948442, 9.48031653e-10, 1, 1.06012408e-07, -0.999948442, 2.02443884e-09, -0.0101540582)","PerfectCatch":true,"autoTotemAtNight":false,"AutoUseCrate":false,"totemShop":"Sundial Totem","FavouriteDelay":0.5,"AutoOffer":false,"AutoSellFish":false,"autoTotemUntilAncientKraken":false,"ESPFish":false,"BuyBaitCrate":false,"WebhookSendEvent":false,"FishingGreatHammerheadShark":false,"BuyLantern":false,"BuyQBaitCrate":false,"WebhookUrl":"","itemsTeleport":"Sundial Totem","AutoPoseidonRod":false,"AutoShake":false,"AutoFishingToggle":false,"FishingOrcas":false,"BuyCrabCage":false,"FishingZone":false,"BaitSelect2":"Flakes","Rod2":"Flimsy Rod","FishingMegalodon":true,"AutoSunkenChest":false,"AutoChangeBait":false,"itemAmount":1,"CrabCageAmount":1,"BobberNoclip":false,"WebhookSendFish":false,"autoTotemAtDay":false,"AutoEquipBait":false,"AutoTreasure":false,"AutoSunkenRod":false,"AutoAuroraRod":false,"itemShop":"Bait Crate","FishingLoveStorm":true,"BaitSelect":"Flakes","TPCrabCage":false,"autoTotemAurora":false,"saveFishingPosition3":"return CFrame.new(285.155884, 133.615952, 215.898346, -0.0101540582, -1.05997316e-07, 0.999948442, 9.48031653e-10, 1, 1.06012408e-07, -0.999948442, 2.02443884e-09, -0.0101540582)","AutoCompleteWhiteBar":false,"FavListData":[],"MissWhenStreak":120,"ESPIsland":false,"FishingZoneUnderwater":true,"AutoCrabCage":false,"AutoLuck":false,"FishingUnderwater":false,"AutoNukeMinigames":false,"ModsDetection":false,"Rod1":"Flimsy Rod","AutoCast":false,"AutoFavouriteFish":false,"rodTeleport":"Training Rod","FishingKraken":false,"WalkOnWater":false,"AutoAppraiser":false,"rodShop":"Training Rod","SellDelay":5,"FishingWhaleShark":true,"AutoRelic":false,"Dev_Debug":true,"locationTeleport":"Moosewood","autoTotemUntilLovestorm":false,"saveFishingPosition1":"return CFrame.new(285.155884, 133.615952, 215.898346, -0.0101540582, -1.05997316e-07, 0.999948442, 9.48031653e-10, 1, 1.06012408e-07, -0.999948442, 2.02443884e-09, -0.0101540582)","FishingDepthsSerpent":false,"AcceptTrade":false,"methodFishing":"Keyboard"}